statement,category,count,denominator,percent
The rotation appears engaging enough to remain enjoyable over a full raid tier.,Strongly agree,24,767,3.1290743155149934
The rotation appears engaging enough to remain enjoyable over a full raid tier.,Agree,87,767,11.342894393741851
The rotation appears engaging enough to remain enjoyable over a full raid tier.,Neither,74,767,9.647979139504564
The rotation appears engaging enough to remain enjoyable over a full raid tier.,Disagree,254,767,33.116036505867015
The rotation appears engaging enough to remain enjoyable over a full raid tier.,Strongly disagree,258,767,33.63754889178618
The rotation appears engaging enough to remain enjoyable over a full raid tier.,Not enough information,70,767,9.126466753585397
The rotation appears engaging enough to remain enjoyable over a full raid tier.,Agree + Strongly agree,111,767,14.471968709256846
The rotation appears engaging enough to remain enjoyable over a full raid tier.,Disagree + Strongly disagree,512,767,66.7535853976532
Feral appears to have enough meaningful moment-to-moment decisions.,Strongly agree,18,767,2.346805736636245
Feral appears to have enough meaningful moment-to-moment decisions.,Agree,73,767,9.517601043024772
Feral appears to have enough meaningful moment-to-moment decisions.,Neither,94,767,12.25554106910039
Feral appears to have enough meaningful moment-to-moment decisions.,Disagree,267,767,34.8109517601043
Feral appears to have enough meaningful moment-to-moment decisions.,Strongly disagree,248,767,32.333767926988266
Feral appears to have enough meaningful moment-to-moment decisions.,Not enough information,67,767,8.735332464146023
Feral appears to have enough meaningful moment-to-moment decisions.,Agree + Strongly agree,91,767,11.864406779661017
Feral appears to have enough meaningful moment-to-moment decisions.,Disagree + Strongly disagree,515,767,67.14471968709258
The design appears to have an appropriate amount of downtime.,Strongly agree,33,767,4.302477183833116
The design appears to have an appropriate amount of downtime.,Agree,70,767,9.126466753585397
The design appears to have an appropriate amount of downtime.,Neither,107,767,13.95045632333768
The design appears to have an appropriate amount of downtime.,Disagree,215,767,28.03129074315515
The design appears to have an appropriate amount of downtime.,Strongly disagree,264,767,34.41981747066493
The design appears to have an appropriate amount of downtime.,Not enough information,78,767,10.169491525423728
The design appears to have an appropriate amount of downtime.,Agree + Strongly agree,103,767,13.428943937418513
The design appears to have an appropriate amount of downtime.,Disagree + Strongly disagree,479,767,62.45110821382008
The design appears to offer enough room for player mastery.,Strongly agree,26,767,3.389830508474576
The design appears to offer enough room for player mastery.,Agree,79,767,10.29986962190352
The design appears to offer enough room for player mastery.,Neither,123,767,16.03650586701434
The design appears to offer enough room for player mastery.,Disagree,237,767,30.89960886571056
The design appears to offer enough room for player mastery.,Strongly disagree,220,767,28.683181225554108
The design appears to offer enough room for player mastery.,Not enough information,82,767,10.691003911342895
The design appears to offer enough room for player mastery.,Agree + Strongly agree,105,767,13.689700130378096
The design appears to offer enough room for player mastery.,Disagree + Strongly disagree,457,767,59.58279009126467
A stronger bleed identity is appealing to me.,Strongly agree,178,767,23.20730117340287
A stronger bleed identity is appealing to me.,Agree,195,767,25.423728813559322
A stronger bleed identity is appealing to me.,Neither,172,767,22.42503259452412
A stronger bleed identity is appealing to me.,Disagree,73,767,9.517601043024772
A stronger bleed identity is appealing to me.,Strongly disagree,88,767,11.473272490221643
A stronger bleed identity is appealing to me.,Not enough information,61,767,7.953063885267275
A stronger bleed identity is appealing to me.,Agree + Strongly agree,373,767,48.63102998696219
A stronger bleed identity is appealing to me.,Disagree + Strongly disagree,161,767,20.990873533246415
The current bleed emphasis appears active rather than passive.,Strongly agree,45,767,5.867014341590613
The current bleed emphasis appears active rather than passive.,Agree,112,767,14.602346805736635
The current bleed emphasis appears active rather than passive.,Neither,250,767,32.59452411994785
The current bleed emphasis appears active rather than passive.,Disagree,175,767,22.816166883963493
The current bleed emphasis appears active rather than passive.,Strongly disagree,95,767,12.385919165580182
The current bleed emphasis appears active rather than passive.,Not enough information,90,767,11.734028683181226
The current bleed emphasis appears active rather than passive.,Agree + Strongly agree,157,767,20.46936114732725
The current bleed emphasis appears active rather than passive.,Disagree + Strongly disagree,270,767,35.202086049543674
The current design preserves Feral's shapeshifting identity.,Strongly agree,23,767,2.9986962190352022
The current design preserves Feral's shapeshifting identity.,Agree,50,767,6.51890482398957
The current design preserves Feral's shapeshifting identity.,Neither,100,767,13.03780964797914
The current design preserves Feral's shapeshifting identity.,Disagree,168,767,21.903520208604956
The current design preserves Feral's shapeshifting identity.,Strongly disagree,387,767,50.45632333767927
The current design preserves Feral's shapeshifting identity.,Not enough information,39,767,5.084745762711864
The current design preserves Feral's shapeshifting identity.,Agree + Strongly agree,73,767,9.517601043024772
The current design preserves Feral's shapeshifting identity.,Disagree + Strongly disagree,555,767,72.35984354628422
The current design appears distinct from other melee specs.,Strongly agree,58,767,7.561929595827901
The current design appears distinct from other melee specs.,Agree,122,767,15.90612777053455
The current design appears distinct from other melee specs.,Neither,145,767,18.904823989569753
The current design appears distinct from other melee specs.,Disagree,194,767,25.29335071707953
The current design appears distinct from other melee specs.,Strongly disagree,194,767,25.29335071707953
The current design appears distinct from other melee specs.,Not enough information,54,767,7.040417209908735
The current design appears distinct from other melee specs.,Agree + Strongly agree,180,767,23.46805736636245
The current design appears distinct from other melee specs.,Disagree + Strongly disagree,388,767,50.58670143415906
Numerical tuning is a bigger concern for me than rotational design.,Strongly agree,49,767,6.388526727509778
Numerical tuning is a bigger concern for me than rotational design.,Agree,61,767,7.953063885267275
Numerical tuning is a bigger concern for me than rotational design.,Neither,113,767,14.732724902216427
Numerical tuning is a bigger concern for me than rotational design.,Disagree,205,767,26.727509778357238
Numerical tuning is a bigger concern for me than rotational design.,Strongly disagree,295,767,38.46153846153846
Numerical tuning is a bigger concern for me than rotational design.,Not enough information,44,767,5.736636245110821
Numerical tuning is a bigger concern for me than rotational design.,Agree + Strongly agree,110,767,14.341590612777054
Numerical tuning is a bigger concern for me than rotational design.,Disagree + Strongly disagree,500,767,65.1890482398957
I would accept no DPS increase if a change made the rotation more engaging.,Strongly agree,246,767,32.07301173402868
I would accept no DPS increase if a change made the rotation more engaging.,Agree,149,767,19.42633637548892
I would accept no DPS increase if a change made the rotation more engaging.,Neither,80,767,10.430247718383312
I would accept no DPS increase if a change made the rotation more engaging.,Disagree,67,767,8.735332464146023
I would accept no DPS increase if a change made the rotation more engaging.,Strongly disagree,66,767,8.604954367666233
I would accept no DPS increase if a change made the rotation more engaging.,Not enough information,159,767,20.73011734028683
I would accept no DPS increase if a change made the rotation more engaging.,Agree + Strongly agree,395,767,51.4993481095176
I would accept no DPS increase if a change made the rotation more engaging.,Disagree + Strongly disagree,133,767,17.340286831812257
