category,count,denominator,percent,note
Rotation/activity level,505,767,65.84093872229465,Multiple selections allowed; percentages may exceed 100%.
Powershifting/Furor,337,767,43.9374185136897,Multiple selections allowed; percentages may exceed 100%.
Energy economy,260,767,33.898305084745765,Multiple selections allowed; percentages may exceed 100%.
Shapeshifting or weaving identity,212,767,27.640156453715775,Multiple selections allowed; percentages may exceed 100%.
AoE,205,767,26.727509778357238,Multiple selections allowed; percentages may exceed 100%.
Talent design,112,767,14.602346805736635,Multiple selections allowed; percentages may exceed 100%.
Raid utility/desirability,106,767,13.820078226857888,Multiple selections allowed; percentages may exceed 100%.
Bleed gameplay,104,767,13.559322033898304,Multiple selections allowed; percentages may exceed 100%.
Single-target damage/tuning,73,767,9.517601043024772,Multiple selections allowed; percentages may exceed 100%.
Itemization/scaling,71,767,9.256844850065189,Multiple selections allowed; percentages may exceed 100%.
Combo-point generation/spending,57,767,7.431551499348109,Multiple selections allowed; percentages may exceed 100%.
PvP,42,767,5.475880052151239,Multiple selections allowed; percentages may exceed 100%.
Tiger's Fury,26,767,3.389830508474576,Multiple selections allowed; percentages may exceed 100%.
Not enough information,26,767,3.389830508474576,Multiple selections allowed; percentages may exceed 100%.
Clearcasting/Omen,23,767,2.9986962190352022,Multiple selections allowed; percentages may exceed 100%.
Nothing currently stands out,12,767,1.5645371577574967,Multiple selections allowed; percentages may exceed 100%.
