group,outcome,count,denominator,percent,ci_low,ci_high,minimum_group_size
Cat DPS interest,Negative direction,261,388,67.26804123711341,62.4496253275092,71.74787904155201,30
Cat DPS interest,Would play,148,388,38.144329896907216,33.449679210117814,43.071437193213285,30
Cat DPS interest,Less excited,265,388,68.29896907216495,63.508886098907155,72.73026032203832,30
Bear tank interest,Negative direction,24,97,24.742268041237114,17.227488052867876,34.18138626029845,30
Bear tank interest,Would play,62,97,63.91752577319588,53.99919512124222,72.77550678782939,30
Bear tank interest,Less excited,25,97,25.77319587628866,18.109591607542406,35.28259395814774,30
Hybrid/off-tank interest,Negative direction,138,227,60.79295154185022,54.31282463113881,66.91386499832707,30
Hybrid/off-tank interest,Would play,112,227,49.33920704845815,42.90073539043009,55.79967136694953,30
Hybrid/off-tank interest,Less excited,147,227,64.75770925110132,58.3445620715522,70.67968701363586,30
High-end/competitive,Negative direction,275,418,65.78947368421052,61.11618617691784,70.1751905334276,30
High-end/competitive,Would play,185,418,44.25837320574163,39.57055962923352,49.05075793064087,30
High-end/competitive,Less excited,283,418,67.70334928229666,63.07693944456335,72.00733141249061,30
Regular raiding,Negative direction,150,285,52.63157894736842,46.83828394012032,58.3548763704678,30
Regular raiding,Would play,129,285,45.26315789473684,39.58556250694173,51.06674893399966,30
Regular raiding,Less excited,157,285,55.08771929824562,49.28340317269303,60.75670676111069,30
Casual/newer/other,Negative direction,25,64,39.0625,28.055569188240348,51.3080821197272,30
Casual/newer/other,Would play,27,64,42.1875,30.86978247434577,54.38996845991676,30
Casual/newer/other,Less excited,27,64,42.1875,30.86978247434577,54.38996845991676,30
Played test build,Negative direction,218,408,53.431372549019606,48.581691042390624,58.21704167387788,30
Played test build,Would play,199,408,48.77450980392157,43.95842377466222,53.61345739809901,30
Played test build,Less excited,227,408,55.63725490196079,50.78622093104151,60.38312567425675,30
Reviewed/discussed only,Negative direction,220,331,66.46525679758308,61.21606137477668,71.33665786850229,30
Reviewed/discussed only,Would play,132,331,39.879154078549846,34.749360510814306,45.24116986258305,30
Reviewed/discussed only,Less excited,224,331,67.6737160120846,62.45709950581474,72.48481014064066,30
Classic-style powershifting,Negative direction,94,111,84.68468468468468,76.83643307514065,90.21252362630882,30
Classic-style powershifting,Would play,33,111,29.72972972972973,22.020824463768367,38.79472032109882,30
Classic-style powershifting,Less excited,97,111,87.38738738738739,79.93740636378703,92.3361443663468,30
Functional replacement,Negative direction,304,451,67.40576496674058,62.94863724314131,71.56888462196466,30
Functional replacement,Would play,180,451,39.91130820399113,35.495190658278695,44.497838069589825,30
Functional replacement,Less excited,333,451,73.83592017738358,69.5903091207154,77.67890872003481,30
Non-powershifting preference,Negative direction,46,174,26.436781609195403,20.444442718449874,33.44707361089192,30
Non-powershifting preference,Would play,105,174,60.3448275862069,52.92835573724795,67.31439319133369,30
Non-powershifting preference,Less excited,32,174,18.39080459770115,13.338995915438586,24.808160136117472,30
