question,wording,item,response_format,response_options
Q1,1. How familiar are you with the currently revealed Forever Feral design?,,Single choice,"I have closely reviewed talents, abilities, footage, or theorycrafting; I have followed detailed community discussion; I have not seen enough to evaluate it; I have played the current test build; I have seen only a basic overview"
Q2,2. Which versions of Feral have you played extensively? Select all that apply.,,Multiple selection,Cataclysm or later Classic; I have limited prior Feral experience; Original Vanilla / 2019 Classic; Private servers; Retail WoW; Season of Discovery; Season of Mastery / Hardcore; The Burning Crusade; Wrath of the Lich King
Q3,3. Which best describes your main interest in Forever Feral?,,Single choice,"Bear tank in organized PvE; Cat DPS in organized PvE; Hybrid Cat/Bear or off-tank play; Leveling, dungeons, or casual PvE; PvP; Theorycrafting, even if I may not main Feral; Undecided / other"
Q4,4. How would you describe your Feral experience level?,,Single choice,Experienced but primarily casual Feral player; High-end or competitive Feral player; I mainly play another Druid role/spec; I mainly play another class; New or prospective Feral player; Regular organized-raiding Feral player
Q5,"5. Based on what is currently known, how do you feel about the direction of Forever Feral?",,Single choice,I do not yet have enough information to judge; Mixed / neutral; Somewhat negative; Somewhat positive; Very negative; Very positive
Q6,"6. If Forever launched with the currently known design, how likely would you be to main or regularly play Feral?",,Single choice,Definitely would; Definitely would not; Not applicable; I did not expect to play Feral; Probably would; Probably would not; Unsure
Q7,"7. Compared with Classic Feral, the currently known Forever Feral design makes me…",,Single choice,About equally excited; Much less excited; Much more excited to play Feral; Not enough experience/information to compare; Somewhat less excited; Somewhat more excited
Q8,8. Which statement is closest to your view of powershifting?,,Single choice,"I do not need literal powershifting if another mechanic provides comparable activity and meaningful resource decisions.; I do not yet have enough information.; I have no strong preference.; I prefer a non-powershifting design, provided it remains engaging and has enough depth.; I prefer a slower, less input-intensive Feral rotation than Classic powershifting.; I specifically want Classic-style powershifting restored."
Q9,9. How important is each quality to your enjoyment of Feral?,Frequent actions with little empty time,"Matrix, one choice per item",Essential; Very important; Moderately important; Slightly important; Not important
Q9,9. How important is each quality to your enjoyment of Feral?,Meaningful energy and resource decisions,"Matrix, one choice per item",Essential; Very important; Moderately important; Slightly important; Not important
Q9,9. How important is each quality to your enjoyment of Feral?,A high mastery ceiling,"Matrix, one choice per item",Essential; Very important; Moderately important; Slightly important; Not important
Q9,9. How important is each quality to your enjoyment of Feral?,Shifting between forms during combat,"Matrix, one choice per item",Essential; Very important; Moderately important; Slightly important; Not important
Q9,9. How important is each quality to your enjoyment of Feral?,Maintaining and timing bleeds,"Matrix, one choice per item",Essential; Very important; Moderately important; Slightly important; Not important
Q9,9. How important is each quality to your enjoyment of Feral?,Strong burst windows,"Matrix, one choice per item",Essential; Very important; Moderately important; Slightly important; Not important
Q9,9. How important is each quality to your enjoyment of Feral?,Competitive single-target damage,"Matrix, one choice per item",Essential; Very important; Moderately important; Slightly important; Not important
Q9,9. How important is each quality to your enjoyment of Feral?,Useful multi-target/AoE tools,"Matrix, one choice per item",Essential; Very important; Moderately important; Slightly important; Not important
Q9,9. How important is each quality to your enjoyment of Feral?,Raid utility or a clear reason to bring Feral,"Matrix, one choice per item",Essential; Very important; Moderately important; Slightly important; Not important
Q9,9. How important is each quality to your enjoyment of Feral?,Accessibility for players who prefer a simpler rotation,"Matrix, one choice per item",Essential; Very important; Moderately important; Slightly important; Not important
Q10,10. How much do you agree with each statement about the currently known design?,The rotation appears engaging enough to remain enjoyable over a full raid tier.,"Matrix, one choice per item",Strongly agree; Agree; Neither; Disagree; Strongly disagree; Not enough information
Q10,10. How much do you agree with each statement about the currently known design?,Feral appears to have enough meaningful moment-to-moment decisions.,"Matrix, one choice per item",Strongly agree; Agree; Neither; Disagree; Strongly disagree; Not enough information
Q10,10. How much do you agree with each statement about the currently known design?,The design appears to have an appropriate amount of downtime.,"Matrix, one choice per item",Strongly agree; Agree; Neither; Disagree; Strongly disagree; Not enough information
Q10,10. How much do you agree with each statement about the currently known design?,The design appears to offer enough room for player mastery.,"Matrix, one choice per item",Strongly agree; Agree; Neither; Disagree; Strongly disagree; Not enough information
Q10,10. How much do you agree with each statement about the currently known design?,A stronger bleed identity is appealing to me.,"Matrix, one choice per item",Strongly agree; Agree; Neither; Disagree; Strongly disagree; Not enough information
Q10,10. How much do you agree with each statement about the currently known design?,The current bleed emphasis appears active rather than passive.,"Matrix, one choice per item",Strongly agree; Agree; Neither; Disagree; Strongly disagree; Not enough information
Q10,10. How much do you agree with each statement about the currently known design?,The current design preserves Feral's shapeshifting identity.,"Matrix, one choice per item",Strongly agree; Agree; Neither; Disagree; Strongly disagree; Not enough information
Q10,10. How much do you agree with each statement about the currently known design?,The current design appears distinct from other melee specs.,"Matrix, one choice per item",Strongly agree; Agree; Neither; Disagree; Strongly disagree; Not enough information
Q10,10. How much do you agree with each statement about the currently known design?,Numerical tuning is a bigger concern for me than rotational design.,"Matrix, one choice per item",Strongly agree; Agree; Neither; Disagree; Strongly disagree; Not enough information
Q10,10. How much do you agree with each statement about the currently known design?,I would accept no DPS increase if a change made the rotation more engaging.,"Matrix, one choice per item",Strongly agree; Agree; Neither; Disagree; Strongly disagree; Not enough information
Q11,11. What is your current reaction to each area?,Furor and the loss/reduction of powershifting,"Matrix, one choice per item",Very positive; Somewhat positive; Neutral; Somewhat negative; Very negative; Not enough information
Q11,11. What is your current reaction to each area?,Energy generation and pooling,"Matrix, one choice per item",Very positive; Somewhat positive; Neutral; Somewhat negative; Very negative; Not enough information
Q11,11. What is your current reaction to each area?,Rip/Rake and the bleed emphasis,"Matrix, one choice per item",Very positive; Somewhat positive; Neutral; Somewhat negative; Very negative; Not enough information
Q11,11. What is your current reaction to each area?,Tiger's Fury,"Matrix, one choice per item",Very positive; Somewhat positive; Neutral; Somewhat negative; Very negative; Not enough information
Q11,11. What is your current reaction to each area?,Clearcasting / Omen of Clarity,"Matrix, one choice per item",Very positive; Somewhat positive; Neutral; Somewhat negative; Very negative; Not enough information
Q11,11. What is your current reaction to each area?,Combo points being stored on the player,"Matrix, one choice per item",Very positive; Somewhat positive; Neutral; Somewhat negative; Very negative; Not enough information
Q11,11. What is your current reaction to each area?,Berserk,"Matrix, one choice per item",Very positive; Somewhat positive; Neutral; Somewhat negative; Very negative; Not enough information
Q11,11. What is your current reaction to each area?,AoE / Swipe tools,"Matrix, one choice per item",Very positive; Somewhat positive; Neutral; Somewhat negative; Very negative; Not enough information
Q11,11. What is your current reaction to each area?,Cat/Bear/caster weaving possibilities,"Matrix, one choice per item",Very positive; Somewhat positive; Neutral; Somewhat negative; Very negative; Not enough information
Q11,11. What is your current reaction to each area?,The revealed talent structure,"Matrix, one choice per item",Very positive; Somewhat positive; Neutral; Somewhat negative; Very negative; Not enough information
Q12,12. Which areas most need developer attention? Select up to three.,,Multiple selection,AoE; Bleed gameplay; Clearcasting/Omen; Combo-point generation/spending; Energy economy; Itemization/scaling; Not enough information; Nothing currently stands out; Powershifting/Furor; PvP; Raid utility/desirability; Rotation/activity level; Shapeshifting or weaving identity; Single-target damage/tuning; Talent design; Tiger's Fury
Q13,13. Which possible directions would you be open to testing? Select all that apply.,,Multiple selection,Add another active resource-conversion mechanic; Add intentional Cat/Bear/caster weaving incentives; Add more Clearcasting interactions; I would rather evaluate a complete build before choosing solutions; Increase passive energy generation; Let bleeds interact with energy or other active decisions; Preserve a slower rotation with fewer required inputs; Restore Classic-style powershifting; Use Tiger's Fury more frequently or allow gameplay-driven cooldown resets
Q14,14. What is the single most important thing you want the developers to understand about the current Feral design?,,Open text,Free response
Q15,15. What part of the current Forever Feral direction do you most want preserved?,,Open text,Free response
Q16,"16. If you could change one mechanic or design decision, what would you change—and what player experience would that improve?",,Open text,Free response
Q17,17. May your written response be quoted anonymously in a community feedback report?,,Single choice,"No, summarize it only in aggregate; Yes, it may be quoted anonymously"
