term,response_mentions,responses_with_text,percent_of_responses
Tiger's Fury,46,645,7.131782945736434
weapon scaling,23,645,3.565891472868217
weapon damage,11,645,1.7054263565891472
focus bleeds,10,645,1.550387596899225
combo points,10,645,1.550387596899225
bleed identity,8,645,1.2403100775193798
cat charge,8,645,1.2403100775193798
talent tree,8,645,1.2403100775193798
energy regeneration,8,645,1.2403100775193798
damage scaling,7,645,1.0852713178294573
Cat form,7,645,1.0852713178294573
bleed focus,6,645,0.9302325581395349
emphasis bleeds,6,645,0.9302325581395349
bear and cat,5,645,0.7751937984496124
bleed focused,5,645,0.7751937984496124
bleed gameplay,5,645,0.7751937984496124
weapon procs,5,645,0.7751937984496124
Bear form,5,645,0.7751937984496124
bear looks,4,645,0.6201550387596899
bleed crits,4,645,0.6201550387596899
bleed emphasis,4,645,0.6201550387596899
items form,4,645,0.6201550387596899
removal powershifting,4,645,0.6201550387596899
weapon damage scaling,4,645,0.6201550387596899
bleed damage,3,645,0.46511627906976744
bleeds being able,3,645,0.46511627906976744
buttons press,3,645,0.46511627906976744
cat mangle,3,645,0.46511627906976744
consumables form,3,645,0.46511627906976744
crits bleeds,3,645,0.46511627906976744
focus bleed,3,645,0.46511627906976744
maintaining bleeds,3,645,0.46511627906976744
mangle and berserk,3,645,0.46511627906976744
mono cat,3,645,0.46511627906976744
omen procs,3,645,0.46511627906976744
resource management,3,645,0.46511627906976744
scaling with weapon,3,645,0.46511627906976744
talent trees,3,645,0.46511627906976744
usable forms,3,645,0.46511627906976744
working form,3,645,0.46511627906976744
skill expression,3,645,0.46511627906976744
raid utility,3,645,0.46511627906976744
Wolfshead Helm,3,645,0.46511627906976744
actions form,2,645,0.31007751937984496
actual rotation,2,645,0.31007751937984496
addition berserk,2,645,0.31007751937984496
bear cat,2,645,0.31007751937984496
bear good,2,645,0.31007751937984496
bear talents,2,645,0.31007751937984496
berserk good,2,645,0.31007751937984496
bleed crit,2,645,0.31007751937984496
bleed focussed,2,645,0.31007751937984496
bleed management,2,645,0.31007751937984496
bleed oriented,2,645,0.31007751937984496
bleeds actually,2,645,0.31007751937984496
bleeds critting,2,645,0.31007751937984496
bleeds important,2,645,0.31007751937984496
bleeds mattering,2,645,0.31007751937984496
bleeds scaling,2,645,0.31007751937984496
cat and bear,2,645,0.31007751937984496
cat bear,2,645,0.31007751937984496
cat feral charge,2,645,0.31007751937984496
cat speed,2,645,0.31007751937984496
change form,2,645,0.31007751937984496
charge cat,2,645,0.31007751937984496
clearcasting baseline,2,645,0.31007751937984496
competitive damage,2,645,0.31007751937984496
consumes form,2,645,0.31007751937984496
different forms,2,645,0.31007751937984496
dps and tank,2,645,0.31007751937984496
dps tank,2,645,0.31007751937984496
effects form,2,645,0.31007751937984496
energy gain,2,645,0.31007751937984496
energy gen,2,645,0.31007751937984496
energy ticks,2,645,0.31007751937984496
engaging rotation,2,645,0.31007751937984496
form cat,2,645,0.31007751937984496
form cat charge,2,645,0.31007751937984496
furor talent,2,645,0.31007751937984496
good bear,2,645,0.31007751937984496
great bleeds,2,645,0.31007751937984496
having cat,2,645,0.31007751937984496
high apm,2,645,0.31007751937984496
idea tigers fury,2,645,0.31007751937984496
importance bleeds,2,645,0.31007751937984496
items while form,2,645,0.31007751937984496
keeping bleeds,2,645,0.31007751937984496
making bleeds,2,645,0.31007751937984496
meaningful talent,2,645,0.31007751937984496
potions form,2,645,0.31007751937984496
pots form,2,645,0.31007751937984496
powershifting gone,2,645,0.31007751937984496
powershifting good,2,645,0.31007751937984496
powershifting it's,2,645,0.31007751937984496
powershifting playstyle,2,645,0.31007751937984496
procs form,2,645,0.31007751937984496
rake and rip,2,645,0.31007751937984496
rake rip,2,645,0.31007751937984496
second cooldown,2,645,0.31007751937984496
single target damage,2,645,0.31007751937984496
single-target damage,2,645,0.31007751937984496
spells form,2,645,0.31007751937984496
talent choices,2,645,0.31007751937984496
talents for dps,2,645,0.31007751937984496
target damage,2,645,0.31007751937984496
tigers fury being useful,2,645,0.31007751937984496
tigers fury change,2,645,0.31007751937984496
tigers fury fine,2,645,0.31007751937984496
tigers fury give energy,2,645,0.31007751937984496
tigers fury giving,2,645,0.31007751937984496
tigers fury nice,2,645,0.31007751937984496
usable form,2,645,0.31007751937984496
use items form,2,645,0.31007751937984496
useless for cat,2,645,0.31007751937984496
energy pooling,2,645,0.31007751937984496
Bear weaving,2,645,0.31007751937984496
